
insert into PRODUCT_CATEGORY (product_category_id, created_at, updated_at, description, product_category_name) values
 ('1', now(), now(), 'Various types of flowering plants for home and garden', 'Flowering Plants'),
 ('2', now(), now(), 'A collection of vegetable plants and seedlings', 'Vegetable Plants'),
 ('3', now(), now(), 'Essential gardening tools and accessories', 'Gardening Tools'),
 ('4', now(), now(), 'Organic and synthetic fertilizers for healthy plant growth', 'Fertilizers'),
 ('5', now(), now(), 'Varieties of pots and planters for indoor and outdoor gardening', 'Pots & Planters'),
 ('6', now(), now(), 'Premium quality soil and compost for better plant growth', 'Soil & Compost'),
 ('7', now(), now(), 'Seeds of different plants, flowers, and vegetables', 'Seeds'),
 ('8', now(), now(), 'Irrigation tools and watering equipment for gardens', 'Watering Equipment');

insert into PRODUCT (product_id, created_at, updated_at, available_item_count, product_description, price, product_name, product_category_id, product_image_id) values
('1', now(), now(), 345, 'Beautiful rose plants with different colors and varieties', 85, 'Rose Plant', '1', 'c16108e1-8276-41ad-bf12-4aee4c0a7e65__rosePlant.webp'),
('2', now(), now(), 987, 'Fresh and healthy marigold plants for decoration and gardening', 140, 'Marigold Plant', '1', '2b3ba80b-da93-4206-b50f-83008180a09e__marigoldPlant.webp'),
('3', now(), now(), 872, 'Fragrant and vibrant jasmine plant perfect for home gardens', 399, 'Jasmine Plant', '1', '0547ab94-59f8-4352-b17b-0918d07913f2__jasminePlant.webp'),
('4', now(), now(), 678, 'Lush hibiscus plants with colorful flowers for outdoor spaces', 299, 'Hibiscus Plant', '1', '4b050ba6-9573-4554-bdd4-26ae806c06aa__hibiscusPlant.webp'),
('5', now(), now(), 3545, 'Orchid plants that add elegance and beauty to indoor gardens', 500, 'Orchid Plant', '1', '8e6abb0e-180b-4e8e-856a-cb8491ff9454__orchidPlant.avif'),

('6', now(), now(), 2432, 'Tomato seedlings ready for planting in home gardens', 185, 'Tomato Seedlings', '2', 'b1175b20-e946-42a6-b63d-83e35b7a73fa__tomatoSeedlings.webp'),
('7', now(), now(), 234, 'Healthy cucumber plants for fresh garden produce', 440, 'Cucumber Plant', '2', '1ecfd5c4-dba2-4feb-bd88-006105a8d5ab__cucumberPlant.webp'),
('8', now(), now(), 453, 'Growing carrot seedlings for a home vegetable garden', 99, 'Carrot Seedlings', '2', 'e6602eb6-3f67-4993-abc8-0b54a36bad1b__carrotSeedlings.jpg'),
('9', now(), now(), 768, 'Brinjal plants ideal for a home garden setup', 299, 'Brinjal Plant', '2', '49935a41-7274-4b7f-9333-c3e85d59df18__brinjalPlant.jpg'),
('10', now(), now(), 67, 'Capsicum plants for growing fresh bell peppers', 500, 'Capsicum Plant', '2', '27ba1db0-a5a3-477c-927c-7ceb36cf7ffa__capsicumPlant.jpg'),

('11', now(), now(), 567, 'Stainless steel pruning shears for precise plant trimming', 585, 'Pruning Shears', '3', 'ad5b1926-05ad-4aae-852d-f152ea838648__pruningShears.jpg'),
('12', now(), now(), 435, 'Durable hand trowel for digging and planting', 232, 'Hand Trowel', '3', 'af75f363-fdb9-4d8e-8066-6215f0520e9b__handTrowel.avif'),
('13', now(), now(), 78, 'Heavy-duty garden rake for clearing debris and leveling soil', 433, 'Garden Rake', '3', '25550dae-a893-4aa5-8b8f-967a91548fa5__gardenRake.jpg'),
('14', now(), now(), 45, 'High-quality hoe for weeding and soil aeration', 122, 'Garden Hoe', '3', '6a290abe-338f-4ece-8793-ccdd35a7745f__gardenHoe.jpg'),
('15', now(), now(), 456, 'Stainless steel spade for efficient digging', 233, 'Garden Spade', '3', 'cad39d84-60aa-496d-9295-c3f47ec957fa__gardenSpade.webp'),

('16', now(), now(), 232, 'Organic compost for improving soil fertility', 654, 'Organic Compost', '6', 'e9b319cc-e501-4f90-b608-74052d770e2d__organicCompost.jpg'),
('17', now(), now(), 434, 'Coco peat for retaining moisture and enhancing plant growth', 343, 'Coco Peat', '6', '2603aa1d-3892-44cc-9481-fd485d80d270__cocoPeat.webp'),
('18', now(), now(), 872, 'A mix of essential nutrients for healthy plant growth', 399, 'Multi-Purpose Fertilizer', '4', 'b9685c28-7f97-4fb7-9cf0-927ff3afc8f1__fertilizer.jpg'),
('19', now(), now(), 678, 'Nitrogen-rich urea fertilizer for lush greenery', 299, 'Urea Fertilizer', '4', '7d8b74e5-4321-4b49-9b2a-da4bf779d5be__ureaFertilizer.webp'),
('20', now(), now(), 3545, 'Pesticide-free organic fertilizer for vegetables and flowers', 500, 'Organic Fertilizer', '4', '622a7214-02cc-4f54-85fd-86fd8f3b6967__organicFertilizer.jpg'),

('21', now(), now(), 345, 'Assorted flower seeds for home and garden use', 85, 'Flower Seeds Pack', '7', '3b315751-c5bd-4e73-aad2-df941826f453__flowerSeeds.jpg'),
('22', now(), now(), 987, 'Vegetable seed pack including tomatoes, lettuce, and more', 140, 'Vegetable Seeds Pack', '7', '8f8a275b-357e-4010-84dc-8d89bb5e2b95__vegetableSeeds.jpg'),
('23', now(), now(), 872, 'Fruit plant seeds including mango, guava, and papaya', 399, 'Fruit Seeds Pack', '7', 'cef7540f-0810-4323-9950-98c5d8d5099d__fruitSeeds.webp'),
('24', now(), now(), 678, 'Adjustable hose nozzle for easy garden watering', 299, 'Hose Nozzle', '8', '46fb8d5b-2979-4c54-848f-512693b37818__hoseNozzle.webp'),
('25', now(), now(), 3545, 'Drip irrigation system for efficient water management', 500, 'Drip Irrigation Kit', '8', '990945b7-900e-432b-9b2c-79ea20302f6e__dripIrrigationKit.webp');

insert into REVIEW (review_id, rating_value, user_id, review_message, product_id, user_name, CREATED_AT, UPDATED_AT) values
(1, 4, 1, 'Lorem, ipsum dolor sit amet consectetur adipisicing elit. Ab corporis et ea voluptas laboriosam nesciunt perferendis iste, architecto quae dignissimos. Tempore quod, veritatis quos consequuntur officia est dolore explicabo facilis.', '1', 'sagar', now(), now()),
(2, 3, 2, 'Lorem ipsum dolor sit, amet consectetur adipisicing elit. Suscipit aperiam inventore eligendi assumenda accusamus nulla quaerat nostrum vitae officia corporis iure optio esse dicta non ipsam nisi quod ex, totam qui consequuntur iusto minima molestiae eius labore. Nobis similique reiciendis expedita atque velit temporibus exercitationem, eligendi, nisi fuga minus facilis!', '1', 'sagar2', now(), now()),
(3, 5, 3, 'Lorem ipsum, dolor sit amet consectetur adipisicing elit. Assumenda, eos?', '3', 'sagar3', now(), now()),
(4, 1, 4, 'Lorem ipsum, dolor sit amet consectetur adipisicing elit. Assumenda, eos?Lorem ipsum dolor sit amet consectetur adipisicing elit. Quibusdam repellat, expedita magni commodi libero eligendi rerum omnis, laboriosam tempora dolorem nulla! Harum odio, earum, assumenda facere voluptas hic sapiente asperiores nam eveniet sequi ut. Aliquid magni in itaque temporibus voluptas quibusdam consectetur rerum harum earum adipisci? Magni, obcaecati modi? Saepe!', '4', 'sagar4', now(), now()),
(5, 2, 5, 'Lorem ipsum, dolor sit amet consectetur adipisicing elit. Assumenda, eos?Lorem ipsum dolor sit amet consectetur adipisicing elit. Quibusdam repellat, expedita magni commodi lib=!', '1', 'sagar5', now(), now()),
(6, 4, 6, 'Lorem ipsum, dolor sit amet consectetur adipisicing elit. Assumenda, eos?Lorem ipsum dolor sit amet consectetur adipisicing elit. Quibusdam repellat, expedita magni commodi lib=! Lorem ipsum dolor sit amet, consectetur adipisicing elit. Totam provident illo qui asperiores nam, blanditiis ex porro ut iure, possimus eos consequuntur tempora, impedit similique atque. Aperiam veniam ipsam nemo ullam, facilis iure sapiente ipsum ab tempora! Alias, porro ullam?', '2', 'sagar6', now(), now()),
(7, 3, 1, 'Lorem ipsum, dolor sit amet consectetur', '2', 'sagar', now(), now()),
(8, 3, 4, 'Lorem ipsum dolor sit, amet consectetur adipisicing elit. Suscipit aperiam inventore eligendi assumenda accusamus nulla quaerat nostrum vitae officia corporis iure optio esse dicta non ipsam nisi quod ex, totam qui consequuntur iusto minima molestiae eius labore. Nobis similique reiciendis expedita atque velit temporibus exercitationem, eligendi, nisi fuga minus facilis adipisicing elit. Suscipit aperiam inventore eligendi assumenda accusamus nulla quaerat nostrum vitae officia corporis iure optio esse dicta non ipsam nisi quod ex, totam qui c!', '4', 'sagar2', now(), now()),

(9, 4, 1, 'Lorem, ipsum dolor sit amet consectetur adipisicing elit. Ab corporis et ea voluptas laboriosam nesciunt perferendis iste, architecto quae dignissimos. Tempore quod, veritatis quos consequuntur officia est dolore explicabo facilis.', '6', 'sagar', now(), now()),
(10, 3, 2, 'Lorem ipsum dolor sit, amet consectetur adipisicing elit. Suscipit aperiam inventore eligendi assumenda accusamus nulla quaerat nostrum vitae officia corporis iure optio esse dicta non ipsam nisi quod ex, totam qui consequuntur iusto minima molestiae eius labore. Nobis similique reiciendis expedita atque velit temporibus exercitationem, eligendi, nisi fuga minus facilis!', '7', 'sagar2', now(), now()),
(11, 5, 3, 'Lorem ipsum, dolor sit amet consectetur adipisicing elit. Assumenda, eos?', '8', 'sagar3', now(), now()),
(12, 1, 4, 'Lorem ipsum, dolor sit amet consectetur adipisicing elit. Assumenda, eos?Lorem ipsum dolor sit amet consectetur adipisicing elit. Quibusdam repellat, expedita magni commodi libero eligendi rerum omnis, laboriosam tempora dolorem nulla! Harum odio, earum, assumenda facere voluptas hic sapiente asperiores nam eveniet sequi ut. Aliquid magni in itaque temporibus voluptas quibusdam consectetur rerum harum earum adipisci? Magni, obcaecati modi? Saepe!', '9', 'sagar4', now(), now()),
(13, 2, 5, 'Lorem ipsum, dolor sit amet consectetur adipisicing elit. Assumenda, eos?Lorem ipsum dolor sit amet consectetur adipisicing elit. Quibusdam repellat, expedita magni commodi lib=!', '10', 'sagar5', now(), now()),
(14, 4, 6, 'Lorem ipsum, dolor sit amet consectetur adipisicing elit. Assumenda, eos?Lorem ipsum dolor sit amet consectetur adipisicing elit. Quibusdam repellat, expedita magni commodi lib=! Lorem ipsum dolor sit amet, consectetur adipisicing elit. Totam provident illo qui asperiores nam, blanditiis ex porro ut iure, possimus eos consequuntur tempora, impedit similique atque. Aperiam veniam ipsam nemo ullam, facilis iure sapiente ipsum ab tempora! Alias, porro ullam?', '2', 'sagar6', now(), now()),
(15, 3, 1, 'Lorem ipsum, dolor sit amet consectetur', '22', 'sagar', now(), now()),
(16, 3, 4, 'Lorem ipsum dolor sit, amet consectetur adipisicing elit. Suscipit aperiam inventore eligendi assumenda accusamus nulla quaerat nostrum vitae officia corporis iure optio esse dicta non ipsam nisi quod ex, totam qui consequuntur iusto minima molestiae eius labore. Nobis similique reiciendis expedita atque velit temporibus exercitationem, eligendi, nisi fuga minus facilis adipisicing elit. Suscipit aperiam inventore eligendi assumenda accusamus nulla quaerat nostrum vitae officia corporis iure optio esse dicta non ipsam nisi quod ex, totam qui c!', '24', 'sagar2', now(), now()),


(17, 4, 1, 'Lorem, ipsum dolor sit amet consectetur adipisicing elit. Ab corporis et ea voluptas laboriosam nesciunt perferendis iste, architecto quae dignissimos. Tempore quod, veritatis quos consequuntur officia est dolore explicabo facilis.', '11', 'sagar', now(), now()),
(18, 3, 2, 'Lorem ipsum dolor sit, amet consectetur adipisicing elit. Suscipit aperiam inventore eligendi assumenda accusamus nulla quaerat nostrum vitae officia corporis iure optio esse dicta non ipsam nisi quod ex, totam qui consequuntur iusto minima molestiae eius labore. Nobis similique reiciendis expedita atque velit temporibus exercitationem, eligendi, nisi fuga minus facilis!', '13', 'sagar2', now(), now()),
(19, 5, 3, 'Lorem ipsum, dolor sit amet consectetur adipisicing elit. Assumenda, eos?', '3', 'sagar3', now(), now()),
(20, 1, 4, 'Lorem ipsum, dolor sit amet consectetur adipisicing elit. Assumenda, eos?Lorem ipsum dolor sit amet consectetur adipisicing elit. Quibusdam repellat, expedita magni commodi libero eligendi rerum omnis, laboriosam tempora dolorem nulla! Harum odio, earum, assumenda facere voluptas hic sapiente asperiores nam eveniet sequi ut. Aliquid magni in itaque temporibus voluptas quibusdam consectetur rerum harum earum adipisci? Magni, obcaecati modi? Saepe!', '20', 'sagar4', now(), now()),
(21, 2, 5, 'Lorem ipsum, dolor sit amet consectetur adipisicing elit. Assumenda, eos?Lorem ipsum dolor sit amet consectetur adipisicing elit. Quibusdam repellat, expedita magni commodi lib=!', '16', 'sagar5', now(), now()),
(22, 4, 6, 'Lorem ipsum, dolor sit amet consectetur adipisicing elit. Assumenda, eos?Lorem ipsum dolor sit amet consectetur adipisicing elit. Quibusdam repellat, expedita magni commodi lib=! Lorem ipsum dolor sit amet, consectetur adipisicing elit. Totam provident illo qui asperiores nam, blanditiis ex porro ut iure, possimus eos consequuntur tempora, impedit similique atque. Aperiam veniam ipsam nemo ullam, facilis iure sapiente ipsum ab tempora! Alias, porro ullam?', '17', 'sagar6', now(), now()),
(23, 3, 1, 'Lorem ipsum, dolor sit amet consectetur', '2', 'sagar', now(), now()),
(24, 3, 4, 'Lorem ipsum dolor sit, amet consectetur adipisicing elit. Suscipit aperiam inventore eligendi assumenda accusamus nulla quaerat nostrum vitae officia corporis iure optio esse dicta non ipsam nisi quod ex, totam qui consequuntur iusto minima molestiae eius labore. Nobis similique reiciendis expedita atque velit temporibus exercitationem, eligendi, nisi fuga minus facilis adipisicing elit. Suscipit aperiam inventore eligendi assumenda accusamus nulla quaerat nostrum vitae officia corporis iure optio esse dicta non ipsam nisi quod ex, totam qui c!', '18', 'sagar2', now(), now()),

(25, 4, 1, 'Lorem, ipsum dolor sit amet consectetur adipisicing elit. Ab corporis et ea voluptas laboriosam nesciunt perferendis iste, architecto quae dignissimos. Tempore quod, veritatis quos consequuntur officia est dolore explicabo facilis.', '6', 'sagar', now(), now()),
(26, 3, 2, 'Lorem ipsum dolor sit, amet consectetur adipisicing elit. Suscipit aperiam inventore eligendi assumenda accusamus nulla quaerat nostrum vitae officia corporis iure optio esse dicta non ipsam nisi quod ex, totam qui consequuntur iusto minima molestiae eius labore. Nobis similique reiciendis expedita atque velit temporibus exercitationem, eligendi, nisi fuga minus facilis!', '19', 'sagar2', now(), now()),
(27, 5, 3, 'Lorem ipsum, dolor sit amet consectetur adipisicing elit. Assumenda, eos?', '8', 'sagar3', now(), now()),
(28, 1, 4, 'Lorem ipsum, dolor sit amet consectetur adipisicing elit. Assumenda, eos?Lorem ipsum dolor sit amet consectetur adipisicing elit. Quibusdam repellat, expedita magni commodi libero eligendi rerum omnis, laboriosam tempora dolorem nulla! Harum odio, earum, assumenda facere voluptas hic sapiente asperiores nam eveniet sequi ut. Aliquid magni in itaque temporibus voluptas quibusdam consectetur rerum harum earum adipisci? Magni, obcaecati modi? Saepe!', '9', 'sagar4', now(), now()),
(29, 2, 5, 'Lorem ipsum, dolor sit amet consectetur adipisicing elit. Assumenda, eos?Lorem ipsum dolor sit amet consectetur adipisicing elit. Quibusdam repellat, expedita magni commodi lib=!', '10', 'sagar5', now(), now()),
(30, 4, 6, 'Lorem ipsum, dolor sit amet consectetur adipisicing elit. Assumenda, eos?Lorem ipsum dolor sit amet consectetur adipisicing elit. Quibusdam repellat, expedita magni commodi lib=! Lorem ipsum dolor sit amet, consectetur adipisicing elit. Totam provident illo qui asperiores nam, blanditiis ex porro ut iure, possimus eos consequuntur tempora, impedit similique atque. Aperiam veniam ipsam nemo ullam, facilis iure sapiente ipsum ab tempora! Alias, porro ullam?', '23', 'sagar6', now(), now()),
(31, 3, 1, 'Lorem ipsum, dolor sit amet consectetur', '22', 'sagar', now(), now()),
(32, 3, 4, 'Lorem ipsum dolor sit, amet consectetur adipisicing elit. Suscipit aperiam inventore eligendi assumenda accusamus nulla quaerat nostrum vitae officia corporis iure optio esse dicta non ipsam nisi quod ex, totam qui consequuntur iusto minima molestiae eius labore. Nobis similique reiciendis expedita atque velit temporibus exercitationem, eligendi, nisi fuga minus facilis adipisicing elit. Suscipit aperiam inventore eligendi assumenda accusamus nulla quaerat nostrum vitae officia corporis iure optio esse dicta non ipsam nisi quod ex, totam qui c!', '25', 'sagar2', now(), now());